ref_img,sim_img_1,sim_img_2,sim_img_3,sim_img_4,sim_img_5,sim_img_6,sim_img_7,sim_img_8,sim_img_9,sim_img_10
patterned_blouse_0.jpg,cutout_back_top_6.jpg,patterned_blouse_106.jpg,patterned_blouse_65.jpg,sweater_26.jpg,patterned_blouse_36.jpg,cutout_back_top_29.jpg,patterned_blouse_74.jpg,patterned_blouse_18.jpg,joggers_7.jpg,sweater_12.jpg
patterned_blouse_2.jpg,patterned_blouse_85.jpg,hoodie_0.jpg,hoodie_5.jpg,hoodie_16.jpg,hoodie_9.jpg,patterned_blouse_17.jpg,hoodie_38.jpg,hoodie_18.jpg,hoodie_27.jpg,hoodie_21.jpg
patterned_blouse_5.jpg,patterned_blouse_79.jpg,patterned_blouse_68.jpg,patterned_blouse_87.jpg,patterned_blouse_97.jpg,patterned_blouse_24.jpg,patterned_blouse_8.jpg,cutout_back_top_25.jpg,patterned_blouse_106.jpg,patterned_blouse_1.jpg,patterned_blouse_56.jpg
patterned_blouse_1.jpg,patterned_blouse_76.jpg,patterned_blouse_5.jpg,patterned_blouse_24.jpg,patterned_blouse_68.jpg,cutout_back_top_25.jpg,patterned_blouse_56.jpg,patterned_blouse_8.jpg,patterned_blouse_87.jpg,patterned_blouse_79.jpg,patterned_blouse_51.jpg
patterned_blouse_3.jpg,henley_dress_0.jpg,sweater_11.jpg,sweater_14.jpg,patterned_blouse_101.jpg,sweater_7.jpg,sweater_15.jpg,henley_dress_14.jpg,sweater_4.jpg,sweater_20.jpg,sweater_29.jpg
patterned_blouse_4.jpg,patterned_blouse_95.jpg,joggers_2.jpg,patterned_blouse_84.jpg,cutout_back_top_14.jpg,patterned_blouse_89.jpg,joggers_8.jpg,cutout_back_top_20.jpg,patterned_blouse_102.jpg,cutout_back_top_11.jpg,sweater_9.jpg
patterned_blouse_69.jpg,joggers_2.jpg,patterned_blouse_4.jpg,patterned_blouse_95.jpg,patterned_blouse_89.jpg,patterned_blouse_83.jpg,cutout_back_top_11.jpg,patterned_blouse_35.jpg,joggers_4.jpg,joggers_10.jpg,patterned_blouse_84.jpg
patterned_blouse_49.jpg,patterned_blouse_23.jpg,patterned_blouse_34.jpg,patterned_blouse_72.jpg,hoodie_40.jpg,patterned_blouse_64.jpg,patterned_blouse_25.jpg,patterned_blouse_60.jpg,patterned_blouse_63.jpg,joggers_5.jpg,henley_dress_15.jpg
patterned_blouse_45.jpg,henley_dress_23.jpg,joggers_10.jpg,patterned_blouse_10.jpg,joggers_0.jpg,cutout_back_top_9.jpg,joggers_14.jpg,patterned_blouse_83.jpg,joggers_4.jpg,patterned_blouse_35.jpg,patterned_blouse_37.jpg
patterned_blouse_62.jpg,patterned_blouse_21.jpg,patterned_blouse_6.jpg,hoodie_40.jpg,patterned_blouse_42.jpg,patterned_blouse_100.jpg,henley_dress_15.jpg,patterned_blouse_14.jpg,sweater_5.jpg,patterned_blouse_58.jpg,hoodie_10.jpg
patterned_blouse_24.jpg,patterned_blouse_106.jpg,patterned_blouse_27.jpg,cutout_back_top_25.jpg,patterned_blouse_88.jpg,patterned_blouse_32.jpg,patterned_blouse_79.jpg,patterned_blouse_41.jpg,cutout_back_top_24.jpg,patterned_blouse_91.jpg,patterned_blouse_68.jpg
patterned_blouse_88.jpg,patterned_blouse_27.jpg,cutout_back_top_5.jpg,patterned_blouse_7.jpg,hoodie_11.jpg,henley_dress_15.jpg,patterned_blouse_106.jpg,patterned_blouse_77.jpg,sweater_1.jpg,patterned_blouse_18.jpg,patterned_blouse_74.jpg
patterned_blouse_10.jpg,patterned_blouse_45.jpg,henley_dress_23.jpg,joggers_10.jpg,joggers_14.jpg,cutout_back_top_9.jpg,joggers_0.jpg,patterned_blouse_83.jpg,joggers_4.jpg,cutout_back_top_17.jpg,patterned_blouse_39.jpg
patterned_blouse_38.jpg,patterned_blouse_78.jpg,henley_dress_21.jpg,patterned_blouse_43.jpg,hoodie_26.jpg,patterned_blouse_100.jpg,cutout_back_top_12.jpg,hoodie_20.jpg,patterned_blouse_18.jpg,sweater_12.jpg,patterned_blouse_21.jpg
patterned_blouse_13.jpg,henley_dress_30.jpg,sweater_30.jpg,patterned_blouse_47.jpg,henley_dress_7.jpg,henley_dress_11.jpg,hoodie_1.jpg,joggers_3.jpg,henley_dress_19.jpg,patterned_blouse_70.jpg,hoodie_8.jpg
patterned_blouse_84.jpg,patterned_blouse_4.jpg,cutout_back_top_9.jpg,patterned_blouse_89.jpg,patterned_blouse_95.jpg,joggers_8.jpg,cutout_back_top_7.jpg,cutout_back_top_3.jpg,cutout_back_top_10.jpg,hoodie_44.jpg,cutout_back_top_14.jpg
patterned_blouse_65.jpg,joggers_7.jpg,patterned_blouse_106.jpg,patterned_blouse_74.jpg,patterned_blouse_27.jpg,patterned_blouse_57.jpg,sweater_12.jpg,patterned_blouse_54.jpg,cutout_back_top_6.jpg,patterned_blouse_73.jpg,joggers_11.jpg
patterned_blouse_54.jpg,patterned_blouse_57.jpg,joggers_17.jpg,patterned_blouse_74.jpg,patterned_blouse_90.jpg,patterned_blouse_28.jpg,patterned_blouse_15.jpg,cutout_back_top_16.jpg,patterned_blouse_104.jpg,patterned_blouse_77.jpg,cutout_back_top_22.jpg
patterned_blouse_60.jpg,patterned_blouse_11.jpg,patterned_blouse_49.jpg,joggers_20.jpg,hoodie_12.jpg,patterned_blouse_91.jpg,patterned_blouse_79.jpg,patterned_blouse_67.jpg,patterned_blouse_63.jpg,cutout_back_top_17.jpg,hoodie_37.jpg
patterned_blouse_61.jpg,patterned_blouse_36.jpg,patterned_blouse_84.jpg,patterned_blouse_95.jpg,patterned_blouse_89.jpg,cutout_back_top_3.jpg,patterned_blouse_4.jpg,joggers_2.jpg,patterned_blouse_105.jpg,cutout_back_top_11.jpg,patterned_blouse_103.jpg
patterned_blouse_51.jpg,patterned_blouse_54.jpg,patterned_blouse_27.jpg,patterned_blouse_68.jpg,patterned_blouse_56.jpg,patterned_blouse_24.jpg,patterned_blouse_1.jpg,henley_dress_32.jpg,cutout_back_top_32.jpg,cutout_back_top_22.jpg,patterned_blouse_77.jpg
patterned_blouse_34.jpg,patterned_blouse_49.jpg,patterned_blouse_48.jpg,cutout_back_top_19.jpg,hoodie_40.jpg,henley_dress_15.jpg,patterned_blouse_56.jpg,joggers_19.jpg,cutout_back_top_33.jpg,patterned_blouse_52.jpg,patterned_blouse_86.jpg
patterned_blouse_40.jpg,patterned_blouse_26.jpg,patterned_blouse_8.jpg,patterned_blouse_41.jpg,patterned_blouse_68.jpg,patterned_blouse_97.jpg,cutout_back_top_12.jpg,patterned_blouse_24.jpg,patterned_blouse_81.jpg,cutout_back_top_13.jpg,patterned_blouse_43.jpg
patterned_blouse_80.jpg,patterned_blouse_70.jpg,hoodie_1.jpg,henley_dress_24.jpg,patterned_blouse_47.jpg,patterned_blouse_13.jpg,hoodie_8.jpg,henley_dress_20.jpg,sweater_30.jpg,henley_dress_7.jpg,henley_dress_19.jpg
patterned_blouse_30.jpg,joggers_8.jpg,patterned_blouse_52.jpg,cutout_back_top_14.jpg,patterned_blouse_39.jpg,patterned_blouse_90.jpg,patterned_blouse_15.jpg,cutout_back_top_21.jpg,cutout_back_top_20.jpg,joggers_19.jpg,sweater_9.jpg
patterned_blouse_50.jpg,patterned_blouse_99.jpg,cutout_back_top_7.jpg,sweater_26.jpg,patterned_blouse_61.jpg,patterned_blouse_9.jpg,cutout_back_top_29.jpg,patterned_blouse_30.jpg,patterned_blouse_39.jpg,cutout_back_top_1.jpg,patterned_blouse_105.jpg
patterned_blouse_14.jpg,patterned_blouse_100.jpg,hoodie_24.jpg,hoodie_36.jpg,patterned_blouse_49.jpg,hoodie_29.jpg,hoodie_39.jpg,patterned_blouse_25.jpg,cutout_back_top_33.jpg,patterned_blouse_23.jpg,hoodie_22.jpg
patterned_blouse_39.jpg,cutout_back_top_5.jpg,cutout_back_top_14.jpg,joggers_8.jpg,cutout_back_top_9.jpg,cutout_back_top_7.jpg,patterned_blouse_84.jpg,henley_dress_23.jpg,joggers_6.jpg,hoodie_44.jpg,joggers_4.jpg
patterned_blouse_83.jpg,cutout_back_top_17.jpg,patterned_blouse_35.jpg,patterned_blouse_4.jpg,joggers_2.jpg,henley_dress_23.jpg,joggers_10.jpg,patterned_blouse_69.jpg,joggers_0.jpg,cutout_back_top_27.jpg,patterned_blouse_95.jpg
patterned_blouse_37.jpg,patterned_blouse_67.jpg,patterned_blouse_91.jpg,patterned_blouse_63.jpg,cutout_back_top_9.jpg,sweater_9.jpg,joggers_20.jpg,patterned_blouse_7.jpg,patterned_blouse_102.jpg,hoodie_44.jpg,henley_dress_23.jpg
patterned_blouse_43.jpg,cutout_back_top_12.jpg,henley_dress_21.jpg,patterned_blouse_18.jpg,patterned_blouse_77.jpg,patterned_blouse_27.jpg,hoodie_11.jpg,patterned_blouse_75.jpg,hoodie_26.jpg,patterned_blouse_78.jpg,patterned_blouse_57.jpg
patterned_blouse_11.jpg,patterned_blouse_60.jpg,patterned_blouse_79.jpg,patterned_blouse_49.jpg,joggers_20.jpg,joggers_0.jpg,patterned_blouse_94.jpg,patterned_blouse_91.jpg,joggers_5.jpg,patterned_blouse_67.jpg,hoodie_12.jpg
patterned_blouse_25.jpg,patterned_blouse_49.jpg,patterned_blouse_58.jpg,patterned_blouse_44.jpg,patterned_blouse_72.jpg,patterned_blouse_64.jpg,hoodie_29.jpg,patterned_blouse_23.jpg,hoodie_24.jpg,hoodie_40.jpg,cutout_back_top_10.jpg
patterned_blouse_12.jpg,henley_dress_20.jpg,cutout_back_top_26.jpg,henley_dress_12.jpg,henley_dress_14.jpg,henley_dress_19.jpg,hoodie_42.jpg,henley_dress_24.jpg,sweater_23.jpg,henley_dress_11.jpg,henley_dress_26.jpg
patterned_blouse_75.jpg,cutout_back_top_12.jpg,patterned_blouse_7.jpg,patterned_blouse_88.jpg,patterned_blouse_81.jpg,patterned_blouse_27.jpg,patterned_blouse_18.jpg,patterned_blouse_91.jpg,patterned_blouse_32.jpg,hoodie_11.jpg,patterned_blouse_77.jpg
patterned_blouse_46.jpg,patterned_blouse_7.jpg,patterned_blouse_63.jpg,cutout_back_top_5.jpg,henley_dress_29.jpg,hoodie_11.jpg,hoodie_28.jpg,cutout_back_top_9.jpg,cutout_back_top_14.jpg,cutout_back_top_31.jpg,patterned_blouse_60.jpg
patterned_blouse_86.jpg,joggers_19.jpg,hoodie_2.jpg,hoodie_38.jpg,hoodie_17.jpg,hoodie_43.jpg,hoodie_21.jpg,hoodie_40.jpg,patterned_blouse_52.jpg,hoodie_27.jpg,cutout_back_top_14.jpg
patterned_blouse_17.jpg,cutout_back_top_8.jpg,hoodie_13.jpg,hoodie_1.jpg,henley_dress_3.jpg,henley_dress_7.jpg,hoodie_32.jpg,hoodie_45.jpg,henley_dress_20.jpg,patterned_blouse_85.jpg,cutout_back_top_26.jpg
patterned_blouse_18.jpg,sweater_12.jpg,henley_dress_21.jpg,patterned_blouse_7.jpg,hoodie_11.jpg,patterned_blouse_88.jpg,patterned_blouse_57.jpg,cutout_back_top_12.jpg,patterned_blouse_75.jpg,hoodie_26.jpg,henley_dress_15.jpg
patterned_blouse_6.jpg,henley_dress_16.jpg,patterned_blouse_41.jpg,patterned_blouse_16.jpg,patterned_blouse_62.jpg,patterned_blouse_26.jpg,patterned_blouse_21.jpg,patterned_blouse_68.jpg,patterned_blouse_94.jpg,patterned_blouse_49.jpg,henley_dress_22.jpg
patterned_blouse_29.jpg,patterned_blouse_12.jpg,hoodie_42.jpg,joggers_19.jpg,hoodie_15.jpg,cutout_back_top_8.jpg,patterned_blouse_48.jpg,henley_dress_26.jpg,sweater_18.jpg,patterned_blouse_17.jpg,hoodie_2.jpg
patterned_blouse_7.jpg,patterned_blouse_63.jpg,hoodie_11.jpg,patterned_blouse_88.jpg,cutout_back_top_5.jpg,patterned_blouse_18.jpg,patterned_blouse_75.jpg,joggers_5.jpg,cutout_back_top_9.jpg,cutout_back_top_31.jpg,sweater_1.jpg
patterned_blouse_78.jpg,patterned_blouse_43.jpg,henley_dress_21.jpg,hoodie_20.jpg,patterned_blouse_29.jpg,hoodie_26.jpg,cutout_back_top_33.jpg,patterned_blouse_12.jpg,patterned_blouse_38.jpg,cutout_back_top_12.jpg,patterned_blouse_48.jpg
patterned_blouse_57.jpg,cutout_back_top_16.jpg,cutout_back_top_29.jpg,patterned_blouse_82.jpg,patterned_blouse_90.jpg,hoodie_42.jpg,patterned_blouse_54.jpg,cutout_back_top_6.jpg,patterned_blouse_28.jpg,cutout_back_top_26.jpg,henley_dress_26.jpg
patterned_blouse_35.jpg,patterned_blouse_83.jpg,cutout_back_top_17.jpg,joggers_2.jpg,henley_dress_23.jpg,joggers_0.jpg,patterned_blouse_4.jpg,patterned_blouse_69.jpg,joggers_10.jpg,patterned_blouse_95.jpg,patterned_blouse_36.jpg
patterned_blouse_63.jpg,joggers_5.jpg,patterned_blouse_7.jpg,sweater_9.jpg,patterned_blouse_102.jpg,hoodie_6.jpg,hoodie_11.jpg,henley_dress_15.jpg,cutout_back_top_14.jpg,patterned_blouse_52.jpg,cutout_back_top_5.jpg
patterned_blouse_58.jpg,patterned_blouse_25.jpg,patterned_blouse_44.jpg,patterned_blouse_14.jpg,patterned_blouse_49.jpg,patterned_blouse_72.jpg,joggers_20.jpg,patterned_blouse_63.jpg,cutout_back_top_10.jpg,hoodie_39.jpg,hoodie_24.jpg
patterned_blouse_28.jpg,patterned_blouse_90.jpg,cutout_back_top_29.jpg,sweater_2.jpg,hoodie_2.jpg,joggers_8.jpg,hoodie_15.jpg,henley_dress_26.jpg,patterned_blouse_104.jpg,patterned_blouse_52.jpg,cutout_back_top_26.jpg
patterned_blouse_31.jpg,cutout_back_top_19.jpg,patterned_blouse_96.jpg,patterned_blouse_73.jpg,patterned_blouse_7.jpg,hoodie_14.jpg,henley_dress_22.jpg,cutout_back_top_31.jpg,hoodie_28.jpg,patterned_blouse_32.jpg,patterned_blouse_102.jpg
patterned_blouse_26.jpg,patterned_blouse_41.jpg,patterned_blouse_68.jpg,cutout_back_top_13.jpg,patterned_blouse_40.jpg,patterned_blouse_8.jpg,patterned_blouse_81.jpg,patterned_blouse_43.jpg,patterned_blouse_21.jpg,cutout_back_top_12.jpg,patterned_blouse_53.jpg
patterned_blouse_77.jpg,cutout_back_top_5.jpg,hoodie_11.jpg,patterned_blouse_57.jpg,patterned_blouse_52.jpg,patterned_blouse_28.jpg,hoodie_42.jpg,patterned_blouse_90.jpg,patterned_blouse_54.jpg,hoodie_40.jpg,patterned_blouse_100.jpg
patterned_blouse_87.jpg,patterned_blouse_22.jpg,hoodie_40.jpg,henley_dress_32.jpg,patterned_blouse_34.jpg,cutout_back_top_19.jpg,patterned_blouse_86.jpg,patterned_blouse_29.jpg,hoodie_25.jpg,joggers_19.jpg,patterned_blouse_56.jpg
patterned_blouse_55.jpg,cutout_back_top_23.jpg,hoodie_41.jpg,hoodie_30.jpg,hoodie_32.jpg,henley_dress_12.jpg,sweater_31.jpg,sweater_23.jpg,hoodie_34.jpg,hoodie_33.jpg,patterned_blouse_92.jpg
patterned_blouse_70.jpg,henley_dress_0.jpg,patterned_blouse_101.jpg,henley_dress_24.jpg,hoodie_8.jpg,patterned_blouse_3.jpg,sweater_20.jpg,hoodie_1.jpg,henley_dress_19.jpg,henley_dress_28.jpg,henley_dress_14.jpg
patterned_blouse_73.jpg,sweater_1.jpg,patterned_blouse_54.jpg,cutout_back_top_22.jpg,patterned_blouse_32.jpg,cutout_back_top_19.jpg,cutout_back_top_31.jpg,cutout_back_top_5.jpg,patterned_blouse_57.jpg,patterned_blouse_27.jpg,patterned_blouse_65.jpg
patterned_blouse_68.jpg,patterned_blouse_8.jpg,patterned_blouse_27.jpg,patterned_blouse_24.jpg,patterned_blouse_5.jpg,henley_dress_32.jpg,patterned_blouse_97.jpg,patterned_blouse_106.jpg,patterned_blouse_43.jpg,patterned_blouse_26.jpg,patterned_blouse_41.jpg
patterned_blouse_76.jpg,patterned_blouse_1.jpg,joggers_7.jpg,cutout_back_top_25.jpg,patterned_blouse_106.jpg,patterned_blouse_24.jpg,patterned_blouse_79.jpg,patterned_blouse_65.jpg,patterned_blouse_5.jpg,patterned_blouse_73.jpg,patterned_blouse_27.jpg
patterned_blouse_79.jpg,patterned_blouse_11.jpg,patterned_blouse_60.jpg,patterned_blouse_24.jpg,patterned_blouse_49.jpg,patterned_blouse_94.jpg,patterned_blouse_106.jpg,cutout_back_top_25.jpg,patterned_blouse_5.jpg,patterned_blouse_64.jpg,hoodie_12.jpg
patterned_blouse_47.jpg,hoodie_1.jpg,hoodie_4.jpg,hoodie_23.jpg,henley_dress_7.jpg,sweater_30.jpg,sweater_19.jpg,henley_dress_11.jpg,cutout_back_top_8.jpg,joggers_9.jpg,patterned_blouse_17.jpg
patterned_blouse_81.jpg,patterned_blouse_75.jpg,cutout_back_top_13.jpg,patterned_blouse_41.jpg,cutout_back_top_12.jpg,henley_dress_13.jpg,patterned_blouse_91.jpg,patterned_blouse_67.jpg,patterned_blouse_7.jpg,patterned_blouse_32.jpg,patterned_blouse_43.jpg
patterned_blouse_33.jpg,sweater_27.jpg,cutout_back_top_15.jpg,cutout_back_top_18.jpg,henley_dress_10.jpg,cutout_back_top_16.jpg,henley_dress_0.jpg,henley_dress_28.jpg,henley_dress_1.jpg,sweater_2.jpg,sweater_7.jpg
patterned_blouse_27.jpg,patterned_blouse_88.jpg,patterned_blouse_106.jpg,patterned_blouse_77.jpg,patterned_blouse_54.jpg,patterned_blouse_32.jpg,patterned_blouse_65.jpg,cutout_back_top_12.jpg,patterned_blouse_24.jpg,patterned_blouse_75.jpg,patterned_blouse_74.jpg
patterned_blouse_85.jpg,hoodie_4.jpg,hoodie_32.jpg,patterned_blouse_17.jpg,hoodie_23.jpg,hoodie_41.jpg,henley_dress_7.jpg,patterned_blouse_47.jpg,henley_dress_11.jpg,hoodie_1.jpg,sweater_30.jpg
patterned_blouse_53.jpg,hoodie_20.jpg,cutout_back_top_33.jpg,patterned_blouse_64.jpg,patterned_blouse_49.jpg,hoodie_29.jpg,hoodie_40.jpg,patterned_blouse_88.jpg,patterned_blouse_34.jpg,cutout_back_top_12.jpg,patterned_blouse_63.jpg
patterned_blouse_64.jpg,patterned_blouse_72.jpg,patterned_blouse_49.jpg,hoodie_29.jpg,patterned_blouse_53.jpg,hoodie_40.jpg,hoodie_25.jpg,joggers_20.jpg,joggers_5.jpg,hoodie_12.jpg,patterned_blouse_23.jpg
patterned_blouse_74.jpg,cutout_back_top_29.jpg,cutout_back_top_6.jpg,patterned_blouse_28.jpg,patterned_blouse_57.jpg,patterned_blouse_90.jpg,patterned_blouse_54.jpg,cutout_back_top_16.jpg,patterned_blouse_82.jpg,sweater_26.jpg,patterned_blouse_15.jpg
patterned_blouse_21.jpg,patterned_blouse_78.jpg,patterned_blouse_62.jpg,patterned_blouse_14.jpg,patterned_blouse_26.jpg,patterned_blouse_56.jpg,patterned_blouse_43.jpg,cutout_back_top_33.jpg,patterned_blouse_53.jpg,hoodie_40.jpg,hoodie_20.jpg
patterned_blouse_36.jpg,patterned_blouse_61.jpg,patterned_blouse_95.jpg,joggers_2.jpg,cutout_back_top_6.jpg,patterned_blouse_89.jpg,cutout_back_top_3.jpg,patterned_blouse_4.jpg,patterned_blouse_99.jpg,cutout_back_top_11.jpg,patterned_blouse_84.jpg
patterned_blouse_42.jpg,hoodie_10.jpg,patterned_blouse_48.jpg,cutout_back_top_21.jpg,cutout_back_top_10.jpg,henley_dress_27.jpg,henley_dress_15.jpg,hoodie_34.jpg,joggers_19.jpg,hoodie_15.jpg,hoodie_30.jpg
patterned_blouse_23.jpg,patterned_blouse_49.jpg,patterned_blouse_34.jpg,patterned_blouse_64.jpg,patterned_blouse_72.jpg,henley_dress_13.jpg,patterned_blouse_63.jpg,hoodie_40.jpg,joggers_20.jpg,patterned_blouse_25.jpg,hoodie_12.jpg
patterned_blouse_20.jpg,joggers_16.jpg,joggers_9.jpg,hoodie_1.jpg,hoodie_19.jpg,hoodie_45.jpg,patterned_blouse_17.jpg,hoodie_13.jpg,henley_dress_3.jpg,cutout_back_top_8.jpg,sweater_2.jpg
patterned_blouse_19.jpg,hoodie_33.jpg,sweater_23.jpg,henley_dress_17.jpg,cutout_back_top_18.jpg,sweater_31.jpg,sweater_6.jpg,henley_dress_10.jpg,cutout_back_top_15.jpg,henley_dress_12.jpg,henley_dress_28.jpg
patterned_blouse_52.jpg,cutout_back_top_21.jpg,patterned_blouse_90.jpg,henley_dress_26.jpg,hoodie_21.jpg,joggers_19.jpg,hoodie_0.jpg,hoodie_38.jpg,cutout_back_top_0.jpg,cutout_back_top_16.jpg,joggers_8.jpg
patterned_blouse_44.jpg,patterned_blouse_25.jpg,cutout_back_top_20.jpg,joggers_5.jpg,cutout_back_top_10.jpg,joggers_19.jpg,patterned_blouse_4.jpg,hoodie_40.jpg,patterned_blouse_88.jpg,joggers_8.jpg,cutout_back_top_14.jpg
patterned_blouse_72.jpg,joggers_5.jpg,hoodie_24.jpg,hoodie_40.jpg,cutout_back_top_14.jpg,hoodie_25.jpg,hoodie_29.jpg,patterned_blouse_102.jpg,joggers_8.jpg,cutout_back_top_10.jpg,patterned_blouse_64.jpg
patterned_blouse_41.jpg,patterned_blouse_81.jpg,cutout_back_top_13.jpg,patterned_blouse_106.jpg,cutout_back_top_12.jpg,patterned_blouse_24.jpg,patterned_blouse_26.jpg,patterned_blouse_94.jpg,patterned_blouse_27.jpg,patterned_blouse_75.jpg,patterned_blouse_9.jpg
patterned_blouse_22.jpg,patterned_blouse_87.jpg,patterned_blouse_48.jpg,hoodie_4.jpg,hoodie_19.jpg,patterned_blouse_29.jpg,patterned_blouse_86.jpg,hoodie_40.jpg,hoodie_25.jpg,patterned_blouse_85.jpg,cutout_back_top_8.jpg
patterned_blouse_15.jpg,cutout_back_top_14.jpg,cutout_back_top_21.jpg,sweater_9.jpg,cutout_back_top_16.jpg,henley_dress_15.jpg,patterned_blouse_52.jpg,joggers_8.jpg,patterned_blouse_90.jpg,henley_dress_10.jpg,hoodie_17.jpg
patterned_blouse_56.jpg,patterned_blouse_34.jpg,hoodie_40.jpg,henley_dress_32.jpg,joggers_15.jpg,henley_dress_15.jpg,cutout_back_top_19.jpg,patterned_blouse_87.jpg,patterned_blouse_49.jpg,patterned_blouse_54.jpg,patterned_blouse_27.jpg
patterned_blouse_66.jpg,joggers_16.jpg,hoodie_19.jpg,cutout_back_top_10.jpg,patterned_blouse_84.jpg,joggers_19.jpg,patterned_blouse_20.jpg,cutout_back_top_3.jpg,patterned_blouse_89.jpg,hoodie_30.jpg,hoodie_25.jpg
patterned_blouse_48.jpg,cutout_back_top_10.jpg,joggers_19.jpg,patterned_blouse_29.jpg,henley_dress_26.jpg,patterned_blouse_12.jpg,hoodie_21.jpg,hoodie_42.jpg,hoodie_41.jpg,hoodie_2.jpg,hoodie_25.jpg
patterned_blouse_71.jpg,cutout_back_top_25.jpg,joggers_18.jpg,henley_dress_22.jpg,patterned_blouse_88.jpg,patterned_blouse_24.jpg,patterned_blouse_32.jpg,patterned_blouse_27.jpg,cutout_back_top_12.jpg,patterned_blouse_0.jpg,patterned_blouse_31.jpg
patterned_blouse_59.jpg,patterned_blouse_83.jpg,cutout_back_top_17.jpg,joggers_10.jpg,joggers_18.jpg,henley_dress_29.jpg,patterned_blouse_35.jpg,patterned_blouse_11.jpg,patterned_blouse_69.jpg,joggers_2.jpg,patterned_blouse_60.jpg
patterned_blouse_16.jpg,cutout_back_top_24.jpg,patterned_blouse_11.jpg,patterned_blouse_79.jpg,patterned_blouse_60.jpg,patterned_blouse_41.jpg,henley_dress_16.jpg,patterned_blouse_24.jpg,patterned_blouse_94.jpg,patterned_blouse_91.jpg,cutout_back_top_13.jpg
patterned_blouse_67.jpg,patterned_blouse_91.jpg,patterned_blouse_37.jpg,patterned_blouse_7.jpg,patterned_blouse_32.jpg,patterned_blouse_75.jpg,patterned_blouse_60.jpg,cutout_back_top_13.jpg,patterned_blouse_11.jpg,henley_dress_13.jpg,henley_dress_29.jpg
patterned_blouse_8.jpg,patterned_blouse_68.jpg,patterned_blouse_97.jpg,patterned_blouse_26.jpg,patterned_blouse_40.jpg,patterned_blouse_5.jpg,patterned_blouse_24.jpg,patterned_blouse_1.jpg,patterned_blouse_41.jpg,cutout_back_top_25.jpg,patterned_blouse_43.jpg
patterned_blouse_9.jpg,patterned_blouse_106.jpg,patterned_blouse_57.jpg,sweater_26.jpg,patterned_blouse_27.jpg,cutout_back_top_6.jpg,patterned_blouse_88.jpg,joggers_11.jpg,patterned_blouse_36.jpg,patterned_blouse_74.jpg,cutout_back_top_29.jpg
patterned_blouse_82.jpg,hoodie_42.jpg,cutout_back_top_16.jpg,cutout_back_top_26.jpg,cutout_back_top_0.jpg,cutout_back_top_15.jpg,cutout_back_top_21.jpg,cutout_back_top_29.jpg,patterned_blouse_19.jpg,henley_dress_10.jpg,henley_dress_26.jpg
patterned_blouse_32.jpg,patterned_blouse_73.jpg,patterned_blouse_27.jpg,cutout_back_top_22.jpg,sweater_1.jpg,patterned_blouse_7.jpg,patterned_blouse_65.jpg,patterned_blouse_91.jpg,patterned_blouse_75.jpg,patterned_blouse_67.jpg,cutout_back_top_12.jpg
patterned_blouse_104.jpg,sweater_2.jpg,hoodie_13.jpg,sweater_27.jpg,hoodie_2.jpg,hoodie_33.jpg,hoodie_15.jpg,joggers_9.jpg,patterned_blouse_17.jpg,hoodie_1.jpg,hoodie_43.jpg
patterned_blouse_91.jpg,patterned_blouse_67.jpg,patterned_blouse_75.jpg,cutout_back_top_13.jpg,patterned_blouse_32.jpg,patterned_blouse_7.jpg,patterned_blouse_60.jpg,patterned_blouse_27.jpg,cutout_back_top_12.jpg,patterned_blouse_88.jpg,patterned_blouse_65.jpg
patterned_blouse_103.jpg,cutout_back_top_3.jpg,patterned_blouse_84.jpg,cutout_back_top_5.jpg,patterned_blouse_89.jpg,sweater_9.jpg,cutout_back_top_21.jpg,patterned_blouse_95.jpg,patterned_blouse_90.jpg,cutout_back_top_9.jpg,patterned_blouse_52.jpg
patterned_blouse_90.jpg,patterned_blouse_28.jpg,patterned_blouse_52.jpg,cutout_back_top_16.jpg,cutout_back_top_21.jpg,hoodie_15.jpg,cutout_back_top_0.jpg,henley_dress_26.jpg,sweater_2.jpg,joggers_19.jpg,henley_dress_10.jpg
patterned_blouse_92.jpg,sweater_30.jpg,hoodie_32.jpg,henley_dress_7.jpg,sweater_18.jpg,hoodie_30.jpg,hoodie_41.jpg,patterned_blouse_85.jpg,hoodie_19.jpg,henley_dress_12.jpg,hoodie_33.jpg
patterned_blouse_89.jpg,patterned_blouse_95.jpg,patterned_blouse_4.jpg,patterned_blouse_84.jpg,joggers_8.jpg,cutout_back_top_14.jpg,joggers_2.jpg,cutout_back_top_3.jpg,joggers_16.jpg,joggers_12.jpg,cutout_back_top_11.jpg
patterned_blouse_102.jpg,cutout_back_top_14.jpg,joggers_8.jpg,sweater_9.jpg,joggers_5.jpg,patterned_blouse_15.jpg,patterned_blouse_52.jpg,patterned_blouse_4.jpg,joggers_12.jpg,hoodie_6.jpg,hoodie_38.jpg
patterned_blouse_93.jpg,patterned_blouse_54.jpg,cutout_back_top_22.jpg,cutout_back_top_31.jpg,sweater_1.jpg,patterned_blouse_73.jpg,hoodie_38.jpg,hoodie_3.jpg,patterned_blouse_32.jpg,patterned_blouse_15.jpg,hoodie_11.jpg
patterned_blouse_98.jpg,sweater_8.jpg,sweater_7.jpg,cutout_back_top_15.jpg,patterned_blouse_82.jpg,cutout_back_top_29.jpg,sweater_0.jpg,cutout_back_top_18.jpg,sweater_23.jpg,hoodie_42.jpg,henley_dress_1.jpg
patterned_blouse_96.jpg,patterned_blouse_31.jpg,patterned_blouse_73.jpg,joggers_15.jpg,patterned_blouse_91.jpg,cutout_back_top_19.jpg,patterned_blouse_27.jpg,patterned_blouse_88.jpg,patterned_blouse_54.jpg,patterned_blouse_7.jpg,patterned_blouse_56.jpg
patterned_blouse_97.jpg,patterned_blouse_8.jpg,patterned_blouse_68.jpg,patterned_blouse_5.jpg,patterned_blouse_24.jpg,cutout_back_top_25.jpg,patterned_blouse_40.jpg,patterned_blouse_41.jpg,patterned_blouse_106.jpg,patterned_blouse_26.jpg,patterned_blouse_27.jpg
patterned_blouse_100.jpg,hoodie_11.jpg,patterned_blouse_77.jpg,patterned_blouse_52.jpg,hoodie_6.jpg,cutout_back_top_21.jpg,hoodie_24.jpg,patterned_blouse_63.jpg,hoodie_40.jpg,hoodie_27.jpg,sweater_9.jpg
patterned_blouse_106.jpg,patterned_blouse_27.jpg,patterned_blouse_65.jpg,patterned_blouse_88.jpg,patterned_blouse_9.jpg,joggers_7.jpg,patterned_blouse_24.jpg,joggers_11.jpg,patterned_blouse_94.jpg,cutout_back_top_6.jpg,patterned_blouse_74.jpg
patterned_blouse_94.jpg,patterned_blouse_106.jpg,patterned_blouse_79.jpg,patterned_blouse_11.jpg,patterned_blouse_41.jpg,patterned_blouse_91.jpg,patterned_blouse_88.jpg,henley_dress_16.jpg,patterned_blouse_27.jpg,patterned_blouse_9.jpg,cutout_back_top_24.jpg
patterned_blouse_105.jpg,sweater_19.jpg,cutout_back_top_8.jpg,henley_dress_3.jpg,hoodie_1.jpg,hoodie_15.jpg,patterned_blouse_47.jpg,joggers_9.jpg,sweater_30.jpg,hoodie_13.jpg,henley_dress_20.jpg
patterned_blouse_95.jpg,patterned_blouse_4.jpg,joggers_2.jpg,patterned_blouse_89.jpg,cutout_back_top_11.jpg,patterned_blouse_36.jpg,cutout_back_top_20.jpg,patterned_blouse_84.jpg,joggers_8.jpg,cutout_back_top_14.jpg,cutout_back_top_1.jpg
patterned_blouse_99.jpg,cutout_back_top_1.jpg,cutout_back_top_29.jpg,henley_dress_6.jpg,cutout_back_top_3.jpg,henley_dress_1.jpg,hoodie_8.jpg,patterned_blouse_36.jpg,patterned_blouse_95.jpg,patterned_blouse_28.jpg,hoodie_1.jpg
patterned_blouse_107.jpg,patterned_blouse_93.jpg,sweater_3.jpg,patterned_blouse_54.jpg,cutout_back_top_22.jpg,sweater_32.jpg,cutout_back_top_31.jpg,patterned_blouse_104.jpg,henley_dress_2.jpg,sweater_1.jpg,patterned_blouse_15.jpg
patterned_blouse_101.jpg,henley_dress_0.jpg,patterned_blouse_3.jpg,sweater_11.jpg,henley_dress_28.jpg,sweater_20.jpg,sweater_7.jpg,sweater_14.jpg,sweater_15.jpg,patterned_blouse_70.jpg,henley_dress_14.jpg
hoodie_24.jpg,hoodie_27.jpg,hoodie_30.jpg,hoodie_22.jpg,hoodie_41.jpg,hoodie_36.jpg,hoodie_40.jpg,hoodie_16.jpg,hoodie_25.jpg,hoodie_43.jpg,joggers_19.jpg
hoodie_1.jpg,hoodie_45.jpg,patterned_blouse_47.jpg,henley_dress_7.jpg,joggers_9.jpg,hoodie_8.jpg,hoodie_13.jpg,sweater_30.jpg,henley_dress_0.jpg,henley_dress_20.jpg,patterned_blouse_17.jpg
hoodie_10.jpg,hoodie_34.jpg,hoodie_15.jpg,cutout_back_top_21.jpg,hoodie_35.jpg,henley_dress_10.jpg,henley_dress_6.jpg,sweater_5.jpg,cutout_back_top_16.jpg,hoodie_33.jpg,hoodie_30.jpg
hoodie_31.jpg,hoodie_22.jpg,hoodie_34.jpg,hoodie_36.jpg,hoodie_30.jpg,hoodie_24.jpg,hoodie_41.jpg,hoodie_33.jpg,hoodie_15.jpg,hoodie_43.jpg,hoodie_16.jpg
hoodie_22.jpg,hoodie_31.jpg,hoodie_36.jpg,hoodie_24.jpg,hoodie_30.jpg,hoodie_39.jpg,hoodie_41.jpg,hoodie_34.jpg,hoodie_27.jpg,patterned_blouse_85.jpg,hoodie_16.jpg
hoodie_26.jpg,hoodie_42.jpg,patterned_blouse_82.jpg,patterned_blouse_57.jpg,sweater_12.jpg,henley_dress_21.jpg,cutout_back_top_26.jpg,cutout_back_top_29.jpg,cutout_back_top_15.jpg,patterned_blouse_77.jpg,cutout_back_top_16.jpg
hoodie_14.jpg,hoodie_28.jpg,hoodie_37.jpg,hoodie_6.jpg,patterned_blouse_63.jpg,hoodie_11.jpg,hoodie_5.jpg,patterned_blouse_7.jpg,joggers_5.jpg,hoodie_40.jpg,patterned_blouse_102.jpg
hoodie_15.jpg,hoodie_33.jpg,henley_dress_26.jpg,hoodie_34.jpg,hoodie_43.jpg,cutout_back_top_26.jpg,sweater_2.jpg,hoodie_30.jpg,patterned_blouse_105.jpg,patterned_blouse_19.jpg,cutout_back_top_0.jpg
hoodie_12.jpg,joggers_20.jpg,patterned_blouse_60.jpg,cutout_back_top_13.jpg,patterned_blouse_49.jpg,patterned_blouse_64.jpg,henley_dress_29.jpg,patterned_blouse_23.jpg,patterned_blouse_11.jpg,patterned_blouse_53.jpg,patterned_blouse_63.jpg
hoodie_25.jpg,joggers_19.jpg,cutout_back_top_10.jpg,hoodie_40.jpg,patterned_blouse_52.jpg,hoodie_27.jpg,hoodie_5.jpg,hoodie_24.jpg,cutout_back_top_8.jpg,hoodie_16.jpg,hoodie_19.jpg
hoodie_3.jpg,cutout_back_top_18.jpg,sweater_2.jpg,sweater_27.jpg,patterned_blouse_90.jpg,hoodie_38.jpg,cutout_back_top_0.jpg,cutout_back_top_16.jpg,sweater_31.jpg,patterned_blouse_104.jpg,patterned_blouse_19.jpg
hoodie_9.jpg,hoodie_18.jpg,hoodie_0.jpg,hoodie_38.jpg,hoodie_16.jpg,hoodie_6.jpg,cutout_back_top_21.jpg,hoodie_5.jpg,patterned_blouse_52.jpg,hoodie_21.jpg,sweater_2.jpg
hoodie_32.jpg,patterned_blouse_85.jpg,patterned_blouse_17.jpg,sweater_29.jpg,sweater_4.jpg,hoodie_45.jpg,hoodie_4.jpg,hoodie_23.jpg,sweater_23.jpg,hoodie_41.jpg,hoodie_1.jpg
hoodie_19.jpg,hoodie_30.jpg,joggers_19.jpg,hoodie_43.jpg,patterned_blouse_20.jpg,hoodie_15.jpg,patterned_blouse_17.jpg,hoodie_41.jpg,hoodie_33.jpg,cutout_back_top_8.jpg,hoodie_4.jpg
hoodie_23.jpg,hoodie_4.jpg,patterned_blouse_47.jpg,hoodie_1.jpg,hoodie_45.jpg,henley_dress_7.jpg,joggers_9.jpg,sweater_4.jpg,sweater_30.jpg,henley_dress_11.jpg,patterned_blouse_85.jpg
hoodie_27.jpg,hoodie_24.jpg,hoodie_16.jpg,hoodie_6.jpg,joggers_19.jpg,cutout_back_top_2.jpg,hoodie_30.jpg,hoodie_18.jpg,hoodie_38.jpg,hoodie_21.jpg,hoodie_40.jpg
hoodie_8.jpg,henley_dress_0.jpg,hoodie_1.jpg,patterned_blouse_70.jpg,sweater_20.jpg,hoodie_7.jpg,patterned_blouse_3.jpg,joggers_9.jpg,hoodie_45.jpg,sweater_11.jpg,hoodie_13.jpg
hoodie_17.jpg,hoodie_43.jpg,cutout_back_top_14.jpg,joggers_8.jpg,patterned_blouse_19.jpg,hoodie_15.jpg,joggers_19.jpg,hoodie_38.jpg,hoodie_21.jpg,hoodie_2.jpg,sweater_2.jpg
hoodie_16.jpg,hoodie_30.jpg,hoodie_27.jpg,hoodie_18.jpg,sweater_2.jpg,hoodie_43.jpg,hoodie_38.jpg,cutout_back_top_8.jpg,hoodie_2.jpg,patterned_blouse_17.jpg,henley_dress_26.jpg
hoodie_30.jpg,hoodie_41.jpg,hoodie_33.jpg,hoodie_34.jpg,hoodie_43.jpg,hoodie_16.jpg,hoodie_15.jpg,hoodie_19.jpg,cutout_back_top_21.jpg,henley_dress_26.jpg,patterned_blouse_19.jpg
hoodie_2.jpg,hoodie_42.jpg,hoodie_21.jpg,cutout_back_top_0.jpg,henley_dress_26.jpg,patterned_blouse_17.jpg,hoodie_15.jpg,sweater_2.jpg,cutout_back_top_8.jpg,hoodie_38.jpg,joggers_19.jpg
hoodie_33.jpg,hoodie_30.jpg,henley_dress_12.jpg,patterned_blouse_19.jpg,hoodie_15.jpg,hoodie_34.jpg,hoodie_1.jpg,sweater_23.jpg,cutout_back_top_26.jpg,hoodie_41.jpg,hoodie_13.jpg
hoodie_21.jpg,henley_dress_26.jpg,cutout_back_top_0.jpg,cutout_back_top_21.jpg,hoodie_2.jpg,patterned_blouse_52.jpg,hoodie_0.jpg,joggers_19.jpg,hoodie_43.jpg,hoodie_15.jpg,hoodie_38.jpg
hoodie_20.jpg,patterned_blouse_53.jpg,henley_dress_21.jpg,patterned_blouse_48.jpg,patterned_blouse_34.jpg,cutout_back_top_33.jpg,patterned_blouse_88.jpg,cutout_back_top_12.jpg,patterned_blouse_18.jpg,henley_dress_15.jpg,hoodie_11.jpg
hoodie_7.jpg,henley_dress_0.jpg,sweater_6.jpg,sweater_20.jpg,sweater_0.jpg,sweater_11.jpg,hoodie_8.jpg,sweater_10.jpg,patterned_blouse_3.jpg,patterned_blouse_101.jpg,henley_dress_28.jpg
hoodie_13.jpg,hoodie_1.jpg,cutout_back_top_0.jpg,henley_dress_3.jpg,hoodie_45.jpg,joggers_9.jpg,sweater_2.jpg,patterned_blouse_17.jpg,henley_dress_20.jpg,cutout_back_top_8.jpg,sweater_29.jpg
hoodie_28.jpg,hoodie_37.jpg,hoodie_14.jpg,hoodie_6.jpg,joggers_5.jpg,patterned_blouse_63.jpg,patterned_blouse_102.jpg,hoodie_11.jpg,cutout_back_top_31.jpg,hoodie_44.jpg,patterned_blouse_7.jpg
hoodie_4.jpg,hoodie_23.jpg,patterned_blouse_85.jpg,patterned_blouse_47.jpg,henley_dress_7.jpg,henley_dress_11.jpg,patterned_blouse_17.jpg,sweater_30.jpg,hoodie_1.jpg,cutout_back_top_8.jpg,hoodie_32.jpg
hoodie_29.jpg,patterned_blouse_72.jpg,hoodie_24.jpg,hoodie_25.jpg,hoodie_40.jpg,cutout_back_top_33.jpg,patterned_blouse_64.jpg,patterned_blouse_48.jpg,hoodie_36.jpg,cutout_back_top_10.jpg,joggers_19.jpg
hoodie_34.jpg,hoodie_30.jpg,hoodie_33.jpg,hoodie_15.jpg,hoodie_10.jpg,cutout_back_top_21.jpg,patterned_blouse_19.jpg,sweater_31.jpg,henley_dress_10.jpg,hoodie_43.jpg,cutout_back_top_16.jpg
hoodie_35.jpg,hoodie_10.jpg,henley_dress_10.jpg,hoodie_34.jpg,hoodie_33.jpg,patterned_blouse_19.jpg,hoodie_15.jpg,sweater_31.jpg,hoodie_43.jpg,hoodie_30.jpg,hoodie_17.jpg
hoodie_18.jpg,hoodie_9.jpg,hoodie_16.jpg,hoodie_6.jpg,hoodie_27.jpg,hoodie_38.jpg,hoodie_5.jpg,patterned_blouse_52.jpg,hoodie_0.jpg,joggers_8.jpg,sweater_2.jpg
hoodie_6.jpg,hoodie_27.jpg,hoodie_18.jpg,patterned_blouse_52.jpg,hoodie_5.jpg,hoodie_38.jpg,hoodie_11.jpg,joggers_19.jpg,hoodie_21.jpg,hoodie_0.jpg,hoodie_17.jpg
hoodie_0.jpg,patterned_blouse_52.jpg,hoodie_5.jpg,hoodie_21.jpg,henley_dress_26.jpg,cutout_back_top_0.jpg,hoodie_9.jpg,hoodie_38.jpg,cutout_back_top_21.jpg,hoodie_6.jpg,hoodie_11.jpg
hoodie_5.jpg,hoodie_0.jpg,hoodie_6.jpg,patterned_blouse_52.jpg,hoodie_21.jpg,hoodie_38.jpg,hoodie_11.jpg,hoodie_18.jpg,hoodie_9.jpg,hoodie_27.jpg,cutout_back_top_0.jpg
hoodie_11.jpg,hoodie_6.jpg,cutout_back_top_5.jpg,hoodie_5.jpg,cutout_back_top_31.jpg,hoodie_0.jpg,patterned_blouse_52.jpg,hoodie_18.jpg,hoodie_38.jpg,sweater_1.jpg,patterned_blouse_77.jpg
hoodie_42.jpg,cutout_back_top_26.jpg,hoodie_2.jpg,patterned_blouse_82.jpg,patterned_blouse_17.jpg,henley_dress_26.jpg,hoodie_15.jpg,patterned_blouse_12.jpg,hoodie_16.jpg,cutout_back_top_0.jpg,henley_dress_20.jpg
hoodie_38.jpg,patterned_blouse_52.jpg,hoodie_2.jpg,hoodie_16.jpg,sweater_2.jpg,hoodie_6.jpg,hoodie_21.jpg,hoodie_18.jpg,hoodie_27.jpg,hoodie_9.jpg,hoodie_0.jpg
hoodie_43.jpg,hoodie_30.jpg,hoodie_15.jpg,hoodie_33.jpg,hoodie_16.jpg,hoodie_17.jpg,joggers_19.jpg,sweater_19.jpg,hoodie_21.jpg,hoodie_34.jpg,patterned_blouse_19.jpg
hoodie_40.jpg,joggers_19.jpg,hoodie_27.jpg,hoodie_25.jpg,cutout_back_top_10.jpg,hoodie_24.jpg,patterned_blouse_52.jpg,hoodie_6.jpg,patterned_blouse_72.jpg,cutout_back_top_21.jpg,joggers_8.jpg
hoodie_36.jpg,hoodie_22.jpg,hoodie_39.jpg,hoodie_24.jpg,hoodie_31.jpg,hoodie_27.jpg,patterned_blouse_100.jpg,hoodie_5.jpg,hoodie_40.jpg,hoodie_30.jpg,cutout_back_top_33.jpg
hoodie_44.jpg,joggers_8.jpg,cutout_back_top_7.jpg,patterned_blouse_84.jpg,hoodie_18.jpg,cutout_back_top_5.jpg,cutout_back_top_14.jpg,patterned_blouse_52.jpg,cutout_back_top_9.jpg,patterned_blouse_39.jpg,hoodie_16.jpg
hoodie_39.jpg,hoodie_36.jpg,hoodie_22.jpg,hoodie_24.jpg,hoodie_31.jpg,patterned_blouse_100.jpg,hoodie_40.jpg,hoodie_6.jpg,hoodie_27.jpg,patterned_blouse_63.jpg,patterned_blouse_72.jpg
hoodie_37.jpg,hoodie_28.jpg,joggers_5.jpg,hoodie_14.jpg,patterned_blouse_63.jpg,hoodie_6.jpg,patterned_blouse_102.jpg,hoodie_24.jpg,patterned_blouse_72.jpg,hoodie_27.jpg,cutout_back_top_14.jpg
hoodie_41.jpg,hoodie_30.jpg,hoodie_33.jpg,henley_dress_26.jpg,patterned_blouse_85.jpg,hoodie_34.jpg,henley_dress_12.jpg,hoodie_32.jpg,hoodie_15.jpg,hoodie_19.jpg,patterned_blouse_12.jpg
hoodie_45.jpg,hoodie_1.jpg,joggers_9.jpg,sweater_4.jpg,hoodie_13.jpg,patterned_blouse_3.jpg,henley_dress_0.jpg,henley_dress_3.jpg,patterned_blouse_101.jpg,hoodie_23.jpg,patterned_blouse_17.jpg
sweater_7.jpg,sweater_14.jpg,sweater_23.jpg,sweater_11.jpg,henley_dress_28.jpg,sweater_15.jpg,patterned_blouse_101.jpg,patterned_blouse_3.jpg,henley_dress_17.jpg,henley_dress_0.jpg,henley_dress_14.jpg
sweater_5.jpg,cutout_back_top_16.jpg,henley_dress_10.jpg,hoodie_10.jpg,cutout_back_top_21.jpg,hoodie_15.jpg,sweater_31.jpg,sweater_9.jpg,patterned_blouse_19.jpg,sweater_2.jpg,patterned_blouse_90.jpg
sweater_26.jpg,cutout_back_top_29.jpg,cutout_back_top_6.jpg,patterned_blouse_57.jpg,cutout_back_top_3.jpg,cutout_back_top_26.jpg,patterned_blouse_74.jpg,cutout_back_top_16.jpg,henley_dress_26.jpg,hoodie_15.jpg,hoodie_10.jpg
sweater_32.jpg,sweater_3.jpg,sweater_27.jpg,cutout_back_top_31.jpg,henley_dress_5.jpg,hoodie_3.jpg,sweater_2.jpg,patterned_blouse_33.jpg,patterned_blouse_20.jpg,cutout_back_top_16.jpg,cutout_back_top_18.jpg
sweater_8.jpg,sweater_0.jpg,sweater_7.jpg,henley_dress_17.jpg,sweater_14.jpg,sweater_6.jpg,patterned_blouse_101.jpg,sweater_11.jpg,sweater_15.jpg,sweater_23.jpg,patterned_blouse_3.jpg
sweater_22.jpg,henley_dress_0.jpg,sweater_0.jpg,patterned_blouse_3.jpg,patterned_blouse_101.jpg,patterned_blouse_70.jpg,sweater_31.jpg,hoodie_7.jpg,sweater_6.jpg,sweater_8.jpg,hoodie_8.jpg
sweater_20.jpg,sweater_11.jpg,sweater_15.jpg,henley_dress_0.jpg,patterned_blouse_101.jpg,sweater_10.jpg,sweater_28.jpg,hoodie_7.jpg,patterned_blouse_3.jpg,henley_dress_14.jpg,henley_dress_28.jpg
sweater_12.jpg,hoodie_26.jpg,henley_dress_21.jpg,patterned_blouse_57.jpg,patterned_blouse_18.jpg,cutout_back_top_29.jpg,patterned_blouse_74.jpg,patterned_blouse_82.jpg,patterned_blouse_65.jpg,cutout_back_top_6.jpg,joggers_11.jpg
sweater_17.jpg,sweater_20.jpg,sweater_0.jpg,sweater_10.jpg,hoodie_7.jpg,sweater_11.jpg,sweater_28.jpg,sweater_15.jpg,patterned_blouse_101.jpg,henley_dress_0.jpg,sweater_6.jpg
sweater_15.jpg,sweater_11.jpg,sweater_20.jpg,sweater_14.jpg,sweater_7.jpg,sweater_4.jpg,henley_dress_14.jpg,sweater_10.jpg,patterned_blouse_101.jpg,patterned_blouse_3.jpg,henley_dress_28.jpg
sweater_29.jpg,sweater_23.jpg,sweater_11.jpg,sweater_4.jpg,henley_dress_14.jpg,sweater_14.jpg,henley_dress_28.jpg,sweater_15.jpg,henley_dress_19.jpg,henley_dress_20.jpg,patterned_blouse_3.jpg
sweater_6.jpg,hoodie_7.jpg,sweater_0.jpg,henley_dress_0.jpg,henley_dress_17.jpg,sweater_23.jpg,sweater_11.jpg,sweater_14.jpg,sweater_7.jpg,patterned_blouse_3.jpg,henley_dress_28.jpg
sweater_14.jpg,sweater_11.jpg,sweater_23.jpg,sweater_7.jpg,patterned_blouse_3.jpg,henley_dress_0.jpg,sweater_15.jpg,sweater_29.jpg,henley_dress_12.jpg,henley_dress_14.jpg,henley_dress_17.jpg
sweater_27.jpg,sweater_2.jpg,hoodie_13.jpg,hoodie_1.jpg,hoodie_15.jpg,cutout_back_top_0.jpg,hoodie_45.jpg,henley_dress_10.jpg,hoodie_33.jpg,sweater_31.jpg,cutout_back_top_15.jpg
sweater_13.jpg,joggers_10.jpg,joggers_18.jpg,joggers_4.jpg,patterned_blouse_69.jpg,patterned_blouse_89.jpg,patterned_blouse_84.jpg,cutout_back_top_11.jpg,joggers_16.jpg,cutout_back_top_9.jpg,hoodie_44.jpg
sweater_25.jpg,sweater_14.jpg,sweater_11.jpg,sweater_0.jpg,sweater_29.jpg,sweater_23.jpg,patterned_blouse_3.jpg,henley_dress_17.jpg,henley_dress_0.jpg,henley_dress_28.jpg,hoodie_7.jpg
sweater_28.jpg,sweater_20.jpg,sweater_10.jpg,henley_dress_30.jpg,sweater_15.jpg,sweater_11.jpg,sweater_4.jpg,henley_dress_19.jpg,sweater_17.jpg,sweater_29.jpg,henley_dress_0.jpg
sweater_24.jpg,sweater_15.jpg,patterned_blouse_101.jpg,sweater_11.jpg,henley_dress_28.jpg,sweater_20.jpg,sweater_0.jpg,sweater_7.jpg,sweater_14.jpg,henley_dress_19.jpg,henley_dress_0.jpg
sweater_4.jpg,sweater_11.jpg,sweater_29.jpg,sweater_15.jpg,patterned_blouse_3.jpg,henley_dress_14.jpg,hoodie_45.jpg,sweater_20.jpg,henley_dress_0.jpg,patterned_blouse_101.jpg,hoodie_1.jpg
sweater_31.jpg,sweater_23.jpg,patterned_blouse_19.jpg,cutout_back_top_16.jpg,henley_dress_17.jpg,hoodie_33.jpg,cutout_back_top_15.jpg,sweater_2.jpg,sweater_14.jpg,sweater_29.jpg,sweater_7.jpg
sweater_23.jpg,sweater_29.jpg,sweater_14.jpg,sweater_7.jpg,henley_dress_17.jpg,sweater_11.jpg,henley_dress_28.jpg,henley_dress_12.jpg,henley_dress_14.jpg,sweater_6.jpg,henley_dress_20.jpg
sweater_30.jpg,henley_dress_7.jpg,hoodie_1.jpg,patterned_blouse_47.jpg,henley_dress_11.jpg,hoodie_23.jpg,hoodie_8.jpg,patterned_blouse_105.jpg,henley_dress_20.jpg,hoodie_4.jpg,henley_dress_14.jpg
sweater_18.jpg,patterned_blouse_17.jpg,henley_dress_11.jpg,sweater_30.jpg,hoodie_1.jpg,henley_dress_7.jpg,patterned_blouse_12.jpg,patterned_blouse_47.jpg,hoodie_15.jpg,patterned_blouse_70.jpg,patterned_blouse_29.jpg
sweater_0.jpg,sweater_6.jpg,sweater_8.jpg,sweater_11.jpg,hoodie_7.jpg,sweater_20.jpg,sweater_7.jpg,henley_dress_0.jpg,sweater_10.jpg,henley_dress_17.jpg,sweater_15.jpg
sweater_11.jpg,sweater_15.jpg,sweater_14.jpg,sweater_20.jpg,sweater_4.jpg,patterned_blouse_3.jpg,henley_dress_0.jpg,sweater_29.jpg,sweater_7.jpg,patterned_blouse_101.jpg,henley_dress_14.jpg
sweater_10.jpg,sweater_11.jpg,sweater_20.jpg,sweater_15.jpg,sweater_0.jpg,sweater_28.jpg,hoodie_7.jpg,henley_dress_0.jpg,sweater_6.jpg,sweater_4.jpg,sweater_17.jpg
sweater_1.jpg,cutout_back_top_31.jpg,hoodie_11.jpg,patterned_blouse_73.jpg,cutout_back_top_5.jpg,patterned_blouse_57.jpg,patterned_blouse_88.jpg,joggers_11.jpg,cutout_back_top_19.jpg,hoodie_2.jpg,patterned_blouse_28.jpg
sweater_16.jpg,patterned_blouse_0.jpg,patterned_blouse_61.jpg,joggers_18.jpg,cutout_back_top_4.jpg,patterned_blouse_36.jpg,patterned_blouse_89.jpg,henley_dress_8.jpg,patterned_blouse_84.jpg,henley_dress_2.jpg,patterned_blouse_69.jpg
sweater_9.jpg,cutout_back_top_21.jpg,patterned_blouse_15.jpg,cutout_back_top_14.jpg,cutout_back_top_16.jpg,sweater_5.jpg,joggers_8.jpg,hoodie_10.jpg,patterned_blouse_102.jpg,patterned_blouse_90.jpg,patterned_blouse_52.jpg
sweater_2.jpg,cutout_back_top_0.jpg,hoodie_13.jpg,sweater_27.jpg,joggers_9.jpg,henley_dress_3.jpg,hoodie_45.jpg,hoodie_15.jpg,patterned_blouse_17.jpg,patterned_blouse_104.jpg,hoodie_16.jpg
sweater_21.jpg,patterned_blouse_61.jpg,cutout_back_top_10.jpg,patterned_blouse_64.jpg,patterned_blouse_72.jpg,hoodie_25.jpg,patterned_blouse_25.jpg,joggers_18.jpg,patterned_blouse_84.jpg,patterned_blouse_66.jpg,cutout_back_top_3.jpg
sweater_3.jpg,hoodie_28.jpg,cutout_back_top_31.jpg,hoodie_38.jpg,hoodie_37.jpg,hoodie_9.jpg,cutout_back_top_14.jpg,patterned_blouse_102.jpg,joggers_8.jpg,hoodie_3.jpg,joggers_6.jpg
sweater_19.jpg,patterned_blouse_105.jpg,cutout_back_top_8.jpg,patterned_blouse_47.jpg,joggers_9.jpg,hoodie_13.jpg,henley_dress_3.jpg,hoodie_15.jpg,cutout_back_top_0.jpg,hoodie_1.jpg,hoodie_43.jpg
cutout_back_top_32.jpg,patterned_blouse_70.jpg,patterned_blouse_101.jpg,henley_dress_28.jpg,hoodie_8.jpg,sweater_24.jpg,hoodie_1.jpg,patterned_blouse_17.jpg,henley_dress_1.jpg,hoodie_13.jpg,henley_dress_20.jpg
cutout_back_top_11.jpg,patterned_blouse_95.jpg,joggers_2.jpg,joggers_8.jpg,patterned_blouse_89.jpg,cutout_back_top_14.jpg,patterned_blouse_4.jpg,patterned_blouse_28.jpg,patterned_blouse_36.jpg,cutout_back_top_20.jpg,patterned_blouse_105.jpg
cutout_back_top_13.jpg,patterned_blouse_91.jpg,hoodie_12.jpg,patterned_blouse_81.jpg,patterned_blouse_75.jpg,patterned_blouse_41.jpg,patterned_blouse_67.jpg,cutout_back_top_12.jpg,henley_dress_13.jpg,hoodie_20.jpg,patterned_blouse_53.jpg
cutout_back_top_4.jpg,patterned_blouse_4.jpg,joggers_2.jpg,patterned_blouse_95.jpg,patterned_blouse_61.jpg,patterned_blouse_84.jpg,patterned_blouse_36.jpg,henley_dress_23.jpg,patterned_blouse_89.jpg,joggers_10.jpg,cutout_back_top_3.jpg
cutout_back_top_9.jpg,patterned_blouse_84.jpg,patterned_blouse_39.jpg,joggers_4.jpg,joggers_6.jpg,henley_dress_23.jpg,cutout_back_top_5.jpg,cutout_back_top_7.jpg,hoodie_44.jpg,patterned_blouse_4.jpg,cutout_back_top_14.jpg
cutout_back_top_2.jpg,hoodie_27.jpg,joggers_5.jpg,joggers_19.jpg,hoodie_6.jpg,cutout_back_top_10.jpg,hoodie_24.jpg,cutout_back_top_14.jpg,hoodie_40.jpg,hoodie_17.jpg,joggers_8.jpg
cutout_back_top_23.jpg,hoodie_32.jpg,sweater_23.jpg,sweater_29.jpg,sweater_4.jpg,patterned_blouse_55.jpg,sweater_11.jpg,sweater_14.jpg,sweater_7.jpg,sweater_15.jpg,patterned_blouse_3.jpg
cutout_back_top_12.jpg,patterned_blouse_75.jpg,patterned_blouse_88.jpg,patterned_blouse_27.jpg,patterned_blouse_43.jpg,patterned_blouse_18.jpg,henley_dress_21.jpg,sweater_1.jpg,hoodie_11.jpg,patterned_blouse_77.jpg,patterned_blouse_32.jpg
cutout_back_top_1.jpg,hoodie_1.jpg,henley_dress_3.jpg,cutout_back_top_26.jpg,joggers_9.jpg,cutout_back_top_30.jpg,patterned_blouse_105.jpg,henley_dress_1.jpg,hoodie_8.jpg,hoodie_45.jpg,patterned_blouse_28.jpg
cutout_back_top_15.jpg,henley_dress_1.jpg,henley_dress_28.jpg,sweater_23.jpg,sweater_7.jpg,henley_dress_17.jpg,cutout_back_top_16.jpg,patterned_blouse_101.jpg,sweater_14.jpg,cutout_back_top_26.jpg,henley_dress_20.jpg
cutout_back_top_6.jpg,cutout_back_top_29.jpg,henley_dress_6.jpg,patterned_blouse_74.jpg,patterned_blouse_57.jpg,sweater_26.jpg,cutout_back_top_3.jpg,henley_dress_10.jpg,cutout_back_top_26.jpg,hoodie_10.jpg,cutout_back_top_16.jpg
cutout_back_top_7.jpg,patterned_blouse_84.jpg,joggers_8.jpg,hoodie_44.jpg,patterned_blouse_28.jpg,joggers_4.jpg,hoodie_18.jpg,hoodie_16.jpg,joggers_12.jpg,cutout_back_top_1.jpg,henley_dress_3.jpg
cutout_back_top_10.jpg,joggers_19.jpg,hoodie_25.jpg,cutout_back_top_21.jpg,cutout_back_top_3.jpg,patterned_blouse_52.jpg,henley_dress_26.jpg,hoodie_21.jpg,hoodie_40.jpg,patterned_blouse_48.jpg,patterned_blouse_84.jpg
cutout_back_top_3.jpg,henley_dress_6.jpg,henley_dress_26.jpg,cutout_back_top_21.jpg,hoodie_15.jpg,cutout_back_top_16.jpg,joggers_19.jpg,cutout_back_top_29.jpg,cutout_back_top_10.jpg,henley_dress_10.jpg,patterned_blouse_52.jpg
cutout_back_top_0.jpg,sweater_2.jpg,hoodie_13.jpg,henley_dress_26.jpg,henley_dress_3.jpg,cutout_back_top_8.jpg,hoodie_21.jpg,patterned_blouse_17.jpg,hoodie_2.jpg,hoodie_15.jpg,patterned_blouse_52.jpg
cutout_back_top_31.jpg,cutout_back_top_5.jpg,sweater_1.jpg,hoodie_38.jpg,hoodie_11.jpg,hoodie_2.jpg,cutout_back_top_19.jpg,patterned_blouse_52.jpg,joggers_8.jpg,cutout_back_top_14.jpg,patterned_blouse_28.jpg
cutout_back_top_18.jpg,patterned_blouse_19.jpg,hoodie_3.jpg,sweater_31.jpg,sweater_2.jpg,sweater_6.jpg,sweater_27.jpg,cutout_back_top_15.jpg,sweater_23.jpg,hoodie_7.jpg,cutout_back_top_16.jpg
cutout_back_top_16.jpg,cutout_back_top_21.jpg,henley_dress_10.jpg,cutout_back_top_15.jpg,sweater_31.jpg,patterned_blouse_90.jpg,patterned_blouse_82.jpg,patterned_blouse_19.jpg,sweater_5.jpg,henley_dress_26.jpg,patterned_blouse_52.jpg
cutout_back_top_19.jpg,cutout_back_top_5.jpg,cutout_back_top_31.jpg,patterned_blouse_86.jpg,hoodie_40.jpg,joggers_19.jpg,hoodie_38.jpg,hoodie_2.jpg,cutout_back_top_14.jpg,joggers_8.jpg,hoodie_11.jpg
cutout_back_top_8.jpg,henley_dress_3.jpg,patterned_blouse_17.jpg,cutout_back_top_0.jpg,sweater_19.jpg,patterned_blouse_105.jpg,hoodie_13.jpg,joggers_9.jpg,patterned_blouse_47.jpg,henley_dress_26.jpg,hoodie_1.jpg
cutout_back_top_33.jpg,patterned_blouse_48.jpg,hoodie_24.jpg,hoodie_29.jpg,hoodie_40.jpg,patterned_blouse_53.jpg,hoodie_25.jpg,hoodie_36.jpg,cutout_back_top_10.jpg,hoodie_5.jpg,hoodie_27.jpg
cutout_back_top_14.jpg,joggers_8.jpg,hoodie_17.jpg,patterned_blouse_102.jpg,joggers_19.jpg,patterned_blouse_15.jpg,hoodie_43.jpg,sweater_9.jpg,patterned_blouse_52.jpg,cutout_back_top_5.jpg,hoodie_2.jpg
cutout_back_top_30.jpg,cutout_back_top_26.jpg,henley_dress_1.jpg,sweater_31.jpg,cutout_back_top_1.jpg,hoodie_33.jpg,henley_dress_3.jpg,sweater_23.jpg,patterned_blouse_3.jpg,hoodie_1.jpg,patterned_blouse_101.jpg
cutout_back_top_28.jpg,patterned_blouse_106.jpg,patterned_blouse_24.jpg,patterned_blouse_16.jpg,patterned_blouse_41.jpg,cutout_back_top_25.jpg,patterned_blouse_27.jpg,patterned_blouse_68.jpg,cutout_back_top_24.jpg,patterned_blouse_97.jpg,patterned_blouse_88.jpg
cutout_back_top_5.jpg,cutout_back_top_31.jpg,cutout_back_top_14.jpg,patterned_blouse_52.jpg,joggers_8.jpg,hoodie_11.jpg,patterned_blouse_28.jpg,patterned_blouse_39.jpg,cutout_back_top_19.jpg,patterned_blouse_90.jpg,hoodie_2.jpg
cutout_back_top_17.jpg,patterned_blouse_83.jpg,patterned_blouse_35.jpg,patterned_blouse_60.jpg,joggers_0.jpg,henley_dress_23.jpg,patterned_blouse_11.jpg,patterned_blouse_4.jpg,joggers_2.jpg,patterned_blouse_69.jpg,cutout_back_top_27.jpg
cutout_back_top_29.jpg,cutout_back_top_26.jpg,patterned_blouse_57.jpg,patterned_blouse_28.jpg,cutout_back_top_6.jpg,patterned_blouse_74.jpg,patterned_blouse_82.jpg,henley_dress_1.jpg,hoodie_42.jpg,sweater_26.jpg,henley_dress_6.jpg
cutout_back_top_27.jpg,patterned_blouse_83.jpg,patterned_blouse_35.jpg,cutout_back_top_17.jpg,henley_dress_23.jpg,cutout_back_top_4.jpg,patterned_blouse_11.jpg,joggers_18.jpg,joggers_10.jpg,joggers_0.jpg,patterned_blouse_60.jpg
cutout_back_top_25.jpg,patterned_blouse_24.jpg,patterned_blouse_79.jpg,patterned_blouse_32.jpg,patterned_blouse_106.jpg,patterned_blouse_27.jpg,cutout_back_top_24.jpg,patterned_blouse_73.jpg,patterned_blouse_5.jpg,patterned_blouse_68.jpg,patterned_blouse_88.jpg
cutout_back_top_22.jpg,patterned_blouse_54.jpg,patterned_blouse_73.jpg,patterned_blouse_32.jpg,patterned_blouse_27.jpg,patterned_blouse_57.jpg,joggers_7.jpg,patterned_blouse_65.jpg,patterned_blouse_77.jpg,henley_dress_2.jpg,cutout_back_top_5.jpg
cutout_back_top_20.jpg,patterned_blouse_95.jpg,joggers_8.jpg,patterned_blouse_4.jpg,patterned_blouse_90.jpg,cutout_back_top_14.jpg,joggers_19.jpg,patterned_blouse_15.jpg,cutout_back_top_21.jpg,hoodie_15.jpg,joggers_2.jpg
cutout_back_top_21.jpg,cutout_back_top_16.jpg,patterned_blouse_52.jpg,hoodie_21.jpg,henley_dress_26.jpg,hoodie_34.jpg,patterned_blouse_90.jpg,joggers_19.jpg,hoodie_30.jpg,hoodie_15.jpg,hoodie_10.jpg
cutout_back_top_26.jpg,henley_dress_20.jpg,hoodie_42.jpg,sweater_23.jpg,cutout_back_top_30.jpg,cutout_back_top_15.jpg,henley_dress_26.jpg,hoodie_15.jpg,hoodie_33.jpg,henley_dress_1.jpg,henley_dress_3.jpg
cutout_back_top_24.jpg,joggers_0.jpg,patterned_blouse_106.jpg,patterned_blouse_88.jpg,patterned_blouse_32.jpg,patterned_blouse_24.jpg,joggers_2.jpg,henley_dress_23.jpg,joggers_14.jpg,patterned_blouse_11.jpg,patterned_blouse_35.jpg
joggers_5.jpg,cutout_back_top_14.jpg,cutout_back_top_2.jpg,patterned_blouse_63.jpg,joggers_8.jpg,patterned_blouse_102.jpg,patterned_blouse_72.jpg,hoodie_27.jpg,hoodie_6.jpg,hoodie_40.jpg,joggers_19.jpg
joggers_15.jpg,hoodie_40.jpg,cutout_back_top_19.jpg,patterned_blouse_52.jpg,hoodie_25.jpg,henley_dress_32.jpg,joggers_19.jpg,patterned_blouse_86.jpg,patterned_blouse_77.jpg,patterned_blouse_90.jpg,hoodie_2.jpg
joggers_13.jpg,patterned_blouse_37.jpg,henley_dress_25.jpg,patterned_blouse_32.jpg,patterned_blouse_67.jpg,patterned_blouse_7.jpg,patterned_blouse_46.jpg,cutout_back_top_9.jpg,joggers_0.jpg,patterned_blouse_81.jpg,hoodie_14.jpg
joggers_14.jpg,joggers_4.jpg,henley_dress_23.jpg,joggers_0.jpg,patterned_blouse_39.jpg,cutout_back_top_9.jpg,patterned_blouse_84.jpg,cutout_back_top_7.jpg,cutout_back_top_5.jpg,joggers_10.jpg,patterned_blouse_89.jpg
joggers_10.jpg,henley_dress_23.jpg,joggers_2.jpg,joggers_4.jpg,cutout_back_top_9.jpg,patterned_blouse_84.jpg,patterned_blouse_4.jpg,hoodie_44.jpg,joggers_0.jpg,patterned_blouse_61.jpg,joggers_14.jpg
joggers_2.jpg,patterned_blouse_4.jpg,patterned_blouse_95.jpg,patterned_blouse_89.jpg,cutout_back_top_11.jpg,patterned_blouse_36.jpg,joggers_10.jpg,patterned_blouse_84.jpg,cutout_back_top_14.jpg,cutout_back_top_20.jpg,joggers_4.jpg
joggers_11.jpg,patterned_blouse_57.jpg,sweater_1.jpg,sweater_12.jpg,cutout_back_top_29.jpg,patterned_blouse_74.jpg,patterned_blouse_106.jpg,henley_dress_21.jpg,patterned_blouse_65.jpg,cutout_back_top_6.jpg,sweater_26.jpg
joggers_7.jpg,patterned_blouse_65.jpg,patterned_blouse_106.jpg,cutout_back_top_6.jpg,patterned_blouse_57.jpg,patterned_blouse_27.jpg,cutout_back_top_22.jpg,patterned_blouse_74.jpg,patterned_blouse_54.jpg,patterned_blouse_73.jpg,patterned_blouse_28.jpg
joggers_9.jpg,henley_dress_3.jpg,hoodie_1.jpg,hoodie_45.jpg,hoodie_13.jpg,sweater_2.jpg,hoodie_8.jpg,hoodie_23.jpg,cutout_back_top_8.jpg,henley_dress_0.jpg,patterned_blouse_20.jpg
joggers_6.jpg,joggers_4.jpg,cutout_back_top_5.jpg,cutout_back_top_9.jpg,cutout_back_top_31.jpg,patterned_blouse_39.jpg,cutout_back_top_7.jpg,joggers_8.jpg,hoodie_44.jpg,cutout_back_top_14.jpg,joggers_12.jpg
joggers_1.jpg,patterned_blouse_67.jpg,hoodie_9.jpg,patterned_blouse_55.jpg,patterned_blouse_37.jpg,cutout_back_top_21.jpg,cutout_back_top_16.jpg,patterned_blouse_91.jpg,hoodie_44.jpg,sweater_31.jpg,cutout_back_top_23.jpg
joggers_18.jpg,patterned_blouse_61.jpg,joggers_10.jpg,patterned_blouse_36.jpg,patterned_blouse_103.jpg,patterned_blouse_84.jpg,patterned_blouse_89.jpg,joggers_2.jpg,patterned_blouse_4.jpg,joggers_4.jpg,cutout_back_top_27.jpg
joggers_12.jpg,joggers_8.jpg,patterned_blouse_89.jpg,cutout_back_top_7.jpg,patterned_blouse_102.jpg,patterned_blouse_52.jpg,cutout_back_top_14.jpg,patterned_blouse_90.jpg,patterned_blouse_28.jpg,joggers_4.jpg,patterned_blouse_84.jpg
joggers_3.jpg,patterned_blouse_70.jpg,hoodie_1.jpg,hoodie_8.jpg,patterned_blouse_47.jpg,patterned_blouse_13.jpg,joggers_9.jpg,sweater_20.jpg,henley_dress_30.jpg,henley_dress_7.jpg,sweater_30.jpg
joggers_8.jpg,cutout_back_top_14.jpg,joggers_19.jpg,patterned_blouse_52.jpg,hoodie_43.jpg,patterned_blouse_102.jpg,hoodie_17.jpg,patterned_blouse_90.jpg,patterned_blouse_28.jpg,hoodie_2.jpg,hoodie_16.jpg
joggers_19.jpg,patterned_blouse_52.jpg,cutout_back_top_10.jpg,hoodie_21.jpg,cutout_back_top_21.jpg,joggers_8.jpg,hoodie_2.jpg,henley_dress_26.jpg,hoodie_15.jpg,hoodie_43.jpg,hoodie_19.jpg
joggers_16.jpg,patterned_blouse_20.jpg,joggers_9.jpg,patterned_blouse_89.jpg,patterned_blouse_28.jpg,cutout_back_top_8.jpg,sweater_2.jpg,hoodie_13.jpg,henley_dress_3.jpg,joggers_8.jpg,hoodie_19.jpg
joggers_0.jpg,henley_dress_23.jpg,joggers_14.jpg,joggers_2.jpg,joggers_4.jpg,joggers_10.jpg,patterned_blouse_4.jpg,patterned_blouse_39.jpg,cutout_back_top_9.jpg,cutout_back_top_24.jpg,patterned_blouse_89.jpg
joggers_20.jpg,patterned_blouse_60.jpg,hoodie_12.jpg,patterned_blouse_63.jpg,patterned_blouse_49.jpg,joggers_5.jpg,patterned_blouse_11.jpg,patterned_blouse_64.jpg,hoodie_37.jpg,patterned_blouse_72.jpg,patterned_blouse_23.jpg
joggers_17.jpg,patterned_blouse_19.jpg,sweater_2.jpg,sweater_31.jpg,cutout_back_top_15.jpg,henley_dress_28.jpg,sweater_29.jpg,patterned_blouse_17.jpg,joggers_9.jpg,hoodie_13.jpg,sweater_23.jpg
joggers_4.jpg,joggers_14.jpg,cutout_back_top_7.jpg,patterned_blouse_84.jpg,patterned_blouse_89.jpg,joggers_6.jpg,cutout_back_top_5.jpg,cutout_back_top_9.jpg,joggers_8.jpg,joggers_10.jpg,joggers_2.jpg
henley_dress_7.jpg,hoodie_1.jpg,sweater_30.jpg,patterned_blouse_47.jpg,henley_dress_11.jpg,patterned_blouse_17.jpg,hoodie_23.jpg,hoodie_4.jpg,henley_dress_19.jpg,sweater_29.jpg,henley_dress_20.jpg
henley_dress_1.jpg,cutout_back_top_15.jpg,henley_dress_28.jpg,patterned_blouse_101.jpg,cutout_back_top_26.jpg,henley_dress_0.jpg,patterned_blouse_70.jpg,sweater_23.jpg,sweater_7.jpg,henley_dress_17.jpg,henley_dress_3.jpg
henley_dress_4.jpg,cutout_back_top_14.jpg,joggers_8.jpg,patterned_blouse_63.jpg,joggers_5.jpg,cutout_back_top_2.jpg,cutout_back_top_19.jpg,hoodie_40.jpg,cutout_back_top_5.jpg,patterned_blouse_102.jpg,hoodie_6.jpg
henley_dress_5.jpg,cutout_back_top_3.jpg,joggers_16.jpg,patterned_blouse_84.jpg,patterned_blouse_20.jpg,patterned_blouse_103.jpg,patterned_blouse_89.jpg,patterned_blouse_28.jpg,patterned_blouse_66.jpg,cutout_back_top_7.jpg,joggers_8.jpg
henley_dress_10.jpg,cutout_back_top_16.jpg,patterned_blouse_19.jpg,cutout_back_top_15.jpg,hoodie_33.jpg,henley_dress_1.jpg,hoodie_15.jpg,henley_dress_12.jpg,sweater_31.jpg,sweater_5.jpg,hoodie_34.jpg
henley_dress_11.jpg,sweater_30.jpg,henley_dress_7.jpg,patterned_blouse_47.jpg,henley_dress_30.jpg,henley_dress_19.jpg,hoodie_23.jpg,hoodie_4.jpg,henley_dress_20.jpg,hoodie_1.jpg,patterned_blouse_17.jpg
henley_dress_8.jpg,patterned_blouse_66.jpg,patterned_blouse_80.jpg,cutout_back_top_3.jpg,henley_dress_6.jpg,henley_dress_5.jpg,patterned_blouse_61.jpg,joggers_16.jpg,sweater_30.jpg,hoodie_10.jpg,cutout_back_top_10.jpg
henley_dress_2.jpg,patterned_blouse_36.jpg,patterned_blouse_89.jpg,patterned_blouse_95.jpg,patterned_blouse_54.jpg,cutout_back_top_6.jpg,patterned_blouse_74.jpg,cutout_back_top_32.jpg,patterned_blouse_28.jpg,cutout_back_top_29.jpg,joggers_12.jpg
henley_dress_3.jpg,joggers_9.jpg,cutout_back_top_8.jpg,hoodie_13.jpg,cutout_back_top_0.jpg,henley_dress_26.jpg,hoodie_1.jpg,patterned_blouse_17.jpg,hoodie_45.jpg,sweater_2.jpg,cutout_back_top_26.jpg
henley_dress_9.jpg,cutout_back_top_6.jpg,henley_dress_31.jpg,patterned_blouse_36.jpg,patterned_blouse_74.jpg,cutout_back_top_29.jpg,patterned_blouse_9.jpg,patterned_blouse_99.jpg,henley_dress_6.jpg,cutout_back_top_32.jpg,cutout_back_top_3.jpg
henley_dress_6.jpg,hoodie_15.jpg,hoodie_10.jpg,cutout_back_top_3.jpg,henley_dress_1.jpg,henley_dress_10.jpg,henley_dress_0.jpg,hoodie_8.jpg,cutout_back_top_29.jpg,cutout_back_top_26.jpg,cutout_back_top_6.jpg
henley_dress_0.jpg,patterned_blouse_3.jpg,sweater_11.jpg,hoodie_8.jpg,patterned_blouse_101.jpg,sweater_20.jpg,hoodie_7.jpg,henley_dress_14.jpg,sweater_14.jpg,patterned_blouse_70.jpg,sweater_6.jpg
henley_dress_12.jpg,sweater_14.jpg,sweater_23.jpg,henley_dress_20.jpg,henley_dress_19.jpg,henley_dress_24.jpg,hoodie_33.jpg,henley_dress_14.jpg,sweater_29.jpg,henley_dress_17.jpg,henley_dress_28.jpg
henley_dress_29.jpg,patterned_blouse_63.jpg,patterned_blouse_7.jpg,henley_dress_13.jpg,patterned_blouse_46.jpg,hoodie_14.jpg,hoodie_12.jpg,patterned_blouse_60.jpg,patterned_blouse_67.jpg,hoodie_37.jpg,joggers_20.jpg
henley_dress_27.jpg,patterned_blouse_12.jpg,patterned_blouse_29.jpg,henley_dress_12.jpg,henley_dress_24.jpg,sweater_18.jpg,henley_dress_10.jpg,patterned_blouse_105.jpg,cutout_back_top_26.jpg,hoodie_10.jpg,hoodie_15.jpg
henley_dress_15.jpg,patterned_blouse_15.jpg,cutout_back_top_21.jpg,patterned_blouse_52.jpg,joggers_19.jpg,cutout_back_top_16.jpg,patterned_blouse_90.jpg,patterned_blouse_57.jpg,hoodie_21.jpg,hoodie_10.jpg,sweater_9.jpg
henley_dress_21.jpg,hoodie_26.jpg,sweater_12.jpg,patterned_blouse_18.jpg,patterned_blouse_57.jpg,joggers_11.jpg,cutout_back_top_12.jpg,hoodie_11.jpg,hoodie_20.jpg,hoodie_42.jpg,patterned_blouse_77.jpg
henley_dress_19.jpg,henley_dress_20.jpg,henley_dress_14.jpg,henley_dress_24.jpg,henley_dress_28.jpg,henley_dress_12.jpg,sweater_14.jpg,sweater_11.jpg,sweater_29.jpg,henley_dress_30.jpg,sweater_23.jpg
henley_dress_32.jpg,patterned_blouse_12.jpg,patterned_blouse_57.jpg,patterned_blouse_29.jpg,henley_dress_15.jpg,hoodie_42.jpg,patterned_blouse_82.jpg,patterned_blouse_9.jpg,patterned_blouse_77.jpg,hoodie_40.jpg,henley_dress_26.jpg
henley_dress_20.jpg,henley_dress_14.jpg,henley_dress_19.jpg,henley_dress_12.jpg,henley_dress_24.jpg,henley_dress_28.jpg,sweater_29.jpg,sweater_23.jpg,sweater_14.jpg,cutout_back_top_26.jpg,patterned_blouse_12.jpg
henley_dress_18.jpg,cutout_back_top_27.jpg,cutout_back_top_4.jpg,patterned_blouse_35.jpg,patterned_blouse_83.jpg,cutout_back_top_17.jpg,patterned_blouse_69.jpg,patterned_blouse_45.jpg,patterned_blouse_16.jpg,henley_dress_23.jpg,joggers_18.jpg
henley_dress_23.jpg,joggers_10.jpg,joggers_0.jpg,joggers_14.jpg,cutout_back_top_9.jpg,patterned_blouse_45.jpg,patterned_blouse_39.jpg,joggers_2.jpg,joggers_4.jpg,patterned_blouse_84.jpg,patterned_blouse_4.jpg
henley_dress_14.jpg,henley_dress_28.jpg,henley_dress_20.jpg,henley_dress_19.jpg,sweater_11.jpg,sweater_29.jpg,henley_dress_0.jpg,sweater_14.jpg,sweater_15.jpg,sweater_23.jpg,henley_dress_24.jpg
henley_dress_24.jpg,henley_dress_19.jpg,henley_dress_14.jpg,henley_dress_20.jpg,henley_dress_0.jpg,henley_dress_12.jpg,patterned_blouse_70.jpg,sweater_14.jpg,henley_dress_17.jpg,henley_dress_28.jpg,sweater_23.jpg
henley_dress_26.jpg,cutout_back_top_0.jpg,henley_dress_3.jpg,hoodie_15.jpg,hoodie_21.jpg,cutout_back_top_26.jpg,patterned_blouse_52.jpg,cutout_back_top_21.jpg,cutout_back_top_8.jpg,hoodie_2.jpg,patterned_blouse_17.jpg
henley_dress_17.jpg,sweater_23.jpg,sweater_14.jpg,sweater_7.jpg,sweater_6.jpg,henley_dress_28.jpg,henley_dress_0.jpg,sweater_0.jpg,henley_dress_24.jpg,henley_dress_14.jpg,cutout_back_top_15.jpg
henley_dress_28.jpg,henley_dress_14.jpg,patterned_blouse_101.jpg,henley_dress_19.jpg,sweater_7.jpg,sweater_29.jpg,sweater_11.jpg,cutout_back_top_15.jpg,sweater_23.jpg,henley_dress_17.jpg,sweater_14.jpg
henley_dress_22.jpg,patterned_blouse_91.jpg,patterned_blouse_31.jpg,patterned_blouse_67.jpg,henley_dress_13.jpg,patterned_blouse_75.jpg,patterned_blouse_11.jpg,henley_dress_29.jpg,patterned_blouse_81.jpg,patterned_blouse_7.jpg,patterned_blouse_32.jpg
henley_dress_25.jpg,joggers_6.jpg,henley_dress_22.jpg,joggers_13.jpg,patterned_blouse_67.jpg,patterned_blouse_7.jpg,patterned_blouse_31.jpg,cutout_back_top_9.jpg,patterned_blouse_37.jpg,patterned_blouse_32.jpg,patterned_blouse_91.jpg
henley_dress_31.jpg,henley_dress_9.jpg,henley_dress_6.jpg,hoodie_10.jpg,henley_dress_10.jpg,hoodie_34.jpg,patterned_blouse_42.jpg,hoodie_30.jpg,patterned_blouse_92.jpg,hoodie_15.jpg,hoodie_33.jpg
henley_dress_16.jpg,patterned_blouse_11.jpg,patterned_blouse_94.jpg,patterned_blouse_41.jpg,patterned_blouse_16.jpg,patterned_blouse_6.jpg,patterned_blouse_79.jpg,henley_dress_22.jpg,patterned_blouse_60.jpg,patterned_blouse_81.jpg,joggers_20.jpg
henley_dress_13.jpg,henley_dress_29.jpg,patterned_blouse_81.jpg,patterned_blouse_49.jpg,patterned_blouse_23.jpg,patterned_blouse_75.jpg,patterned_blouse_63.jpg,patterned_blouse_67.jpg,cutout_back_top_13.jpg,joggers_20.jpg,patterned_blouse_91.jpg
henley_dress_30.jpg,henley_dress_19.jpg,sweater_28.jpg,henley_dress_11.jpg,patterned_blouse_13.jpg,henley_dress_7.jpg,henley_dress_14.jpg,sweater_4.jpg,sweater_15.jpg,sweater_30.jpg,sweater_20.jpg
